{"m_objects":[{"m_name":"Booster_2.0","m_pos":[1003.52001953125,4.239999771118164,6.900000095367432,1003.52001953125,4.239999771118164,6.900000095367432],"m_rot":[29.80317497253418,0.0,0.0,0.0,270.0,0.0]},{"m_name":"Booster_2.0","m_pos":[1006.97998046875,3.299999952316284,4.630000114440918,1006.97998046875,3.299999952316284,4.630000114440918],"m_rot":[1.018181562423706,0.0,0.0,1.238340701092966e-7,348.7676086425781,1.6878412623100304e-7]}]}