{"m_objects":[{"m_name":"Booster_2.0","m_pos":[1004.8800048828125,2.569999933242798,4.659999847412109,1004.8800048828125,2.569999933242798,4.659999847412109],"m_rot":[63.42509460449219,151.3301239013672,43.47760009765625,0.0,270.0,0.0]},{"m_name":"Booster_2.0","m_pos":[1007.5599975585938,3.5199999809265138,4.659999847412109,1007.5599975585938,3.5199999809265138,4.659999847412109],"m_rot":[13.46017074584961,167.25033569335938,66.52281951904297,0.0,270.0,0.0]},{"m_name":"Object1_v1.1","m_pos":[1002.75,4.110000133514404,6.5],"m_rot":[352.1787109375,96.80004119873047,9.980843544006348]},{"m_name":"Object1_v1.1","m_pos":[1006.2100219726563,2.1500000953674318,3.109999895095825],"m_rot":[356.9566955566406,99.89724731445313,338.1312561035156]}]}