{"m_objects":[{"m_name":"Object1_v1.1","m_pos":[1002.5999755859375,2.759999990463257,2.7200000286102297],"m_rot":[0.0000012806605127479998,31.23728370666504,24.79175567626953]},{"m_name":"Object1_v1.1","m_pos":[1006.442626953125,4.442431449890137,7.294774055480957],"m_rot":[0.0,0.0,0.0]},{"m_name":"Booster_2.0","m_pos":[1003.52001953125,4.239999771118164,6.900000095367432,1003.52001953125,4.239999771118164,6.900000095367432],"m_rot":[29.80317497253418,0.0,0.0,0.0,270.0,0.0]},{"m_name":"Booster_2.0","m_pos":[1006.5999755859375,3.0299999713897707,2.809999942779541,1006.5999755859375,3.0299999713897707,2.809999942779541],"m_rot":[11.041378021240235,18.495548248291017,289.3144226074219,1.238340701092966e-7,348.7676086425781,1.6878412623100304e-7]}]}