{"m_objects":[{"m_name":"Booster_2.0","m_pos":[1.4299999475479127,0.0,0.0,1.4299999475479127,0.0,0.0],"m_rot":[0.0,0.0,0.0,0.0,270.0,0.0]},{"m_name":"Booster_2.0","m_pos":[0.0,0.0,0.0,0.0,0.0,0.0],"m_rot":[0.0,0.0,0.0,0.0,270.0,0.0]},{"m_name":"Object1_v1.1","m_pos":[-1.5,0.5,-0.5],"m_rot":[0.0,0.0,0.0]}]}