{"m_objects":[{"m_name":"Booster_2.0","m_pos":[0.0,0.0,0.0,0.0,0.0,0.0],"m_rot":[0.0,0.0,0.0,0.0,270.0,0.0]},{"m_name":"Drum","m_pos":[0.0,3.5999999046325685,0.0,0.0,3.5999999046325685,0.0],"m_rot":[0.0,0.0,0.0,0.0,0.0,0.0]},{"m_name":"Drum","m_pos":[0.0,0.0,0.0,0.0,0.0,0.0],"m_rot":[0.0,0.0,0.0,0.0,0.0,0.0]}]}