{"m_objects":[{"m_name":"Object1_v1.1","m_pos":[1002.75,4.110000133514404,6.5],"m_rot":[352.1787109375,96.80004119873047,9.980843544006348]},{"m_name":"Object1_v1.1","m_pos":[1006.2100219726563,2.1500000953674318,3.109999895095825],"m_rot":[356.9566955566406,99.89724731445313,338.1312561035156]},{"m_name":"Drum","m_pos":[1005.010009765625,2.2300000190734865,4.690000057220459,1005.010009765625,2.2300000190734865,4.690000057220459],"m_rot":[0.0,0.0,327.9984436035156,0.0,0.0,0.0]},{"m_name":"Drum","m_pos":[1006.426025390625,1.409999966621399,0.4699999988079071,1006.426025390625,1.409999966621399,0.4699999988079071],"m_rot":[56.586299896240237,215.76092529296876,298.7062683105469,0.0,0.0,0.0]}]}