{"m_objects":[{"m_name":"AutoSpring","m_pos":[1000.9500122070313,3.7799999713897707,7.070000171661377,1000.8379516601563,3.291386604309082,7.163262367248535,1000.937255859375,3.7447545528411867,6.977284908294678],"m_rot":[13.390281677246094,92.67472839355469,338.75897216796877,0.0,0.0,0.0,0.0,0.0,0.0]},{"m_name":"Object1_v1.1","m_pos":[1007.6199951171875,4.28000020980835,10.1899995803833],"m_rot":[356.9566955566406,99.89724731445313,338.1312561035156]},{"m_name":"Drum","m_pos":[1005.010009765625,2.2300000190734865,4.690000057220459,1005.010009765625,2.2300000190734865,4.690000057220459],"m_rot":[0.0,0.0,327.9984436035156,0.0,0.0,0.0]},{"m_name":"Booster_2.0","m_pos":[1001.8599853515625,1.9299999475479127,1.7699999809265137,1001.8599853515625,1.9299999475479127,1.7699999809265137],"m_rot":[13.460186958312989,235.55862426757813,66.52283477783203,0.0,270.0,0.0]}]}