{"m_objects":[{"m_name":"Wheel","m_pos":[1007.6099853515625,2.940000057220459,1.7899999618530274,1007.6099853515625,2.940000057220459,1.7899999618530274],"m_rot":[3.1585702896118166,56.01456069946289,316.4066162109375,90.0,0.0,0.0]},{"m_name":"Wheel","m_pos":[1002.2899780273438,2.799999952316284,4.420000076293945,1002.2899780273438,2.799999952316284,4.420000076293945],"m_rot":[16.1783390045166,286.5288391113281,267.940185546875,90.0,0.0,0.0]},{"m_name":"Booster_2.0","m_pos":[1007.5599975585938,3.5199999809265138,4.659999847412109,1007.5599975585938,3.5199999809265138,4.659999847412109],"m_rot":[13.46017074584961,167.25033569335938,66.52281951904297,0.0,270.0,0.0]},{"m_name":"Booster_2.0","m_pos":[1001.8599853515625,1.9299999475479127,1.7699999809265137,1001.8599853515625,1.9299999475479127,1.7699999809265137],"m_rot":[13.460186958312989,235.55862426757813,66.52283477783203,0.0,270.0,0.0]}]}