{"m_objects":[{"m_name":"Booster_2.0","m_pos":[1007.5599975585938,3.5199999809265138,4.659999847412109,1007.5599975585938,3.5199999809265138,4.659999847412109],"m_rot":[13.46017074584961,167.25033569335938,66.52281951904297,0.0,270.0,0.0]},{"m_name":"Object1_v1.1","m_pos":[1002.75,4.110000133514404,6.5],"m_rot":[352.1787109375,96.80004119873047,9.980843544006348]},{"m_name":"Object1_v1.1","m_pos":[1007.6199951171875,4.28000020980835,10.1899995803833],"m_rot":[356.9566955566406,99.89724731445313,338.1312561035156]},{"m_name":"Booster_2.0","m_pos":[1001.8599853515625,1.9299999475479127,1.7699999809265137,1001.8599853515625,1.9299999475479127,1.7699999809265137],"m_rot":[13.460186958312989,235.55862426757813,66.52283477783203,0.0,270.0,0.0]}]}