{
  "m_objects": [

    {
      "m_name": "Capacitor",
      "m_pos": [ 0.37570738792419436, -3.75, 6.527536392211914, 0.37570738792419436, -3.75, 6.527536392211914 ],
      "m_rot": [ 0.0, 0.0, 0.0, 0.0, 0.0, 0.0 ]
    },
    {
      "m_name": "Robo",
      "m_pos": [ 0.6000000238418579, -3.75, 0.3100000023841858, 0.8171781301498413, -3.6431708335876467, -0.26977407932281496, 0.6000000238418579, -3.75, 0.31000006198883059, 0.012349069118499756, -2.963629722595215, 1.404587984085083, 0.6000000238418579, -3.75, 0.3100000023841858, 0.5522369742393494, -2.9963982105255129, 0.3872678875923157, 0.6000000238418579, -3.75, 0.3100000023841858, 0.811000645160675, -2.1818277835845949, 0.7642303109169006, 0.6000000238418579, -3.75, 0.3100000321865082, 0.23089516162872315, -3.303089141845703, 1.2125284671783448, 0.6000000238418579, -3.75, 0.3100000023841858, 0.6300386786460877, -2.8413918018341066, 0.5853235721588135, 0.7360817193984985, -2.649394989013672, -0.09672942757606507, 0.6011070013046265, -3.75, 0.3070462644100189 ],
      "m_rot": [ 0.0, -0.7071068286895752, 0.0, 0.0, -0.7009095549583435, 0.0, 0.0, -0.6946596503257752, 0.0, 0.0, -0.7009095549583435, 0.0, 0.0, -0.6946596503257752, 0.0, 0.0, -0.7009095549583435, 0.0, 0.0, -0.6946596503257752, 0.0, 0.0, -0.7009095549583435, 0.0, 0.0, -0.6946596503257752, 0.0, 0.0, -0.7009095549583435, 0.0, 0.0, -0.6946596503257752, 0.0, 0.0, -0.7009095549583435, 0.0, 0.0, -0.7009095549583435, 0.0, 0.0, -0.6946596503257752, 0.0 ]
    },
    {
      "m_name": "Robo",
      "m_pos": [ -11.390000343322754, -3.75, 7.599999904632568, -11.96977424621582, -3.6431708335876467, 7.382822036743164, -11.390000343322754, -3.75, 7.599999904632568, -10.295412063598633, -2.963629722595215, 8.187650680541993, -11.390000343322754, -3.75, 7.599999904632568, -11.312732696533204, -2.9963982105255129, 7.647762775421143, -11.390000343322754, -3.75, 7.599999904632568, -10.935770034790039, -2.1818277835845949, 7.3889994621276859, -11.390000343322754, -3.75, 7.599999904632568, -10.487472534179688, -3.303089141845703, 7.969104766845703, -11.390000343322754, -3.75, 7.599999904632568, -11.114676475524903, -2.8413918018341066, 7.569961071014404, -11.796730041503907, -2.649394989013672, 7.463918209075928, -11.392953872680664, -3.75, 7.598893165588379 ],
      "m_rot": [ 0.0, 0.0, 0.0, 0.0, 0.008726202882826329, 0.0, 0.0, 0.017450746148824693, 0.0, 0.0, 0.008726202882826329, 0.0, 0.0, 0.017450746148824693, 0.0, 0.0, 0.008726202882826329, 0.0, 0.0, 0.017450746148824693, 0.0, 0.0, 0.008726202882826329, 0.0, 0.0, 0.017450746148824693, 0.0, 0.0, 0.008726202882826329, 0.0, 0.0, 0.017450746148824693, 0.0, 0.0, 0.008726202882826329, 0.0, 0.0, 0.008726202882826329, 0.0, 0.0, 0.017450746148824693, 0.0 ]
    },
    {
      "m_name": "Robo",
      "m_pos": [ 0.09000000357627869, -3.75, 14.850000381469727, -0.12717798352241517, -3.6431708335876467, 15.429774284362793, 0.08999998867511749, -3.75, 14.850000381469727, 0.6776506900787354, -2.963629722595215, 13.755412101745606, 0.09000000357627869, -3.75, 14.850000381469727, 0.13776300847530366, -2.9963982105255129, 14.772732734680176, 0.09000000357627869, -3.75, 14.850000381469727, -0.12100072205066681, -2.1818277835845949, 14.395770072937012, 0.09000001847743988, -3.75, 14.850000381469727, 0.45910462737083437, -3.303089141845703, 13.947471618652344, 0.09000000357627869, -3.75, 14.850000381469727, 0.05996130034327507, -2.8413918018341066, 14.574676513671875, -0.046081602573394778, -2.649394989013672, 15.256730079650879, 0.08889304101467133, -3.75, 14.852953910827637 ],
      "m_rot": [ 0.0, 0.7071068286895752, 0.0, 0.0, 0.7132502198219299, 0.0, 0.0, 0.7193387150764465, 0.0, 0.0, 0.7132502198219299, 0.0, 0.0, 0.7193387150764465, 0.0, 0.0, 0.7132502198219299, 0.0, 0.0, 0.7193387150764465, 0.0, 0.0, 0.7132502198219299, 0.0, 0.0, 0.7193387150764465, 0.0, 0.0, 0.7132502198219299, 0.0, 0.0, 0.7193387150764465, 0.0, 0.0, 0.7132502198219299, 0.0, 0.0, 0.7132502198219299, 0.0, 0.0, 0.7193387150764465, 0.0 ]
    },
    {
      "m_name": "Robo",
      "m_pos": [ 11.43028450012207, -3.75, 7.190000057220459, 12.010058403015137, -3.6431708335876467, 7.407177925109863, 11.43028450012207, -3.75, 7.190000057220459, 10.33569622039795, -2.963629722595215, 6.602349281311035, 11.43028450012207, -3.75, 7.190000057220459, 11.35301685333252, -2.9963982105255129, 7.142237186431885, 11.43028450012207, -3.75, 7.190000057220459, 10.976054191589356, -2.1818277835845949, 7.401000499725342, 11.43028450012207, -3.75, 7.190000057220459, 10.527755737304688, -3.303089141845703, 6.820895195007324, 11.43028450012207, -3.75, 7.190000057220459, 11.154960632324219, -2.8413918018341066, 7.220038890838623, 11.837014198303223, -2.649394989013672, 7.3260817527771, 11.43323802947998, -3.75, 7.191106796264648 ],
      "m_rot": [ 0.0, 1.0, 0.0, 0.0, 0.9999619126319885, 0.0, 0.0, 0.9998477697372437, 0.0, 0.0, 0.9999619126319885, 0.0, 0.0, 0.9998477697372437, 0.0, 0.0, 0.9999619126319885, 0.0, 0.0, 0.9998477697372437, 0.0, 0.0, 0.9999619126319885, 0.0, 0.0, 0.9998477697372437, 0.0, 0.0, 0.9999619126319885, 0.0, 0.0, 0.9998477697372437, 0.0, 0.0, 0.9999619126319885, 0.0, 0.0, 0.9999619126319885, 0.0, 0.0, 0.9998477697372437, 0.0 ]
    },
    {
      "m_name": "Goal",
      "m_pos": [ -7.130000114440918, -2.4330615997314455, 23.059999465942384, -7.130000114440918, -2.4330615997314455, 23.059999465942384, -7.130000114440918, -2.4330615997314455, 23.059999465942384, -7.130000114440918, -2.4330615997314455, 27.45599937438965 ],
      "m_rot": [ 0.0, 0.0, 0.0, 0.0, 0.0, 0.0, 0.0, 0.0, 0.0, 0.0, 0.0, 0.0 ]
    },
    {
      "m_name": "JankMountain",
      "m_pos": [ -7.059999942779541, -4.000827789306641, 29.299999237060548, -7.059999942779541, -1.1008281707763672, 29.299999237060548, -7.1008195877075199, -0.7573871612548828, 31.223548889160158 ],
      "m_rot": [ 0.0, 1.0, 0.0, 0.0, 0.9999619126319885, 0.0, 0.0, 0.9998477697372437, 0.0 ]
    },
    {
      "m_name": "Start",
      "m_pos": [ 6.889999866485596, -3.7500009536743166, -4.630000114440918 ],
      "m_rot": [ 0.0, 0.0, 0.0 ]
    },
    {
      "m_name": "Plane",
      "m_pos": [ 10.270000457763672, -3.739999771118164, 0.3100000023841858 ],
      "m_rot": [ 0.0, 90.0, 0.0 ]
    },
    {
      "m_name": "Plane",
      "m_pos": [ 0.6599998474121094, -3.739999771118164, 0.3100000023841858 ],
      "m_rot": [ 0.0, 90.0, 0.0 ]
    },
    {
      "m_name": "Plane",
      "m_pos": [ -10.920000076293946, -3.739999771118164, 0.5 ],
      "m_rot": [ 0.0, 180.0, 0.0 ]
    },
    {
      "m_name": "Plane",
      "m_pos": [ -10.920000076293946, -3.739999771118164, 7.559999942779541 ],
      "m_rot": [ 0.0, 180.0, 0.0 ]
    },
    {
      "m_name": "Plane",
      "m_pos": [ -10.520000457763672, -3.739999771118164, 14.789999961853028 ],
      "m_rot": [ 0.0, -90.0, 0.0 ]
    },
    {
      "m_name": "Plane",
      "m_pos": [ 0.17000000178813935, -3.739999771118164, 14.789999961853028 ],
      "m_rot": [ 0.0, -90.0, 0.0 ]
    },
    {
      "m_name": "Plane",
      "m_pos": [ 10.850000381469727, -3.739999771118164, 13.989999771118164 ],
      "m_rot": [ 0.0, 0.0, 0.0 ]
    },
    {
      "m_name": "Plane",
      "m_pos": [ 10.850000381469727, -3.739999771118164, 7.130000114440918 ],
      "m_rot": [ 0.0, 0.0, 0.0 ]
    },
    {
      "m_name": "Garakuta Wall",
      "m_pos": [ 12.15999984741211, -3.458719253540039, -9.199999809265137, 12.8246488571167, -1.458719253540039, -7.807461738586426 ],
      "m_rot": [ 0.0, -0.7071068286895752, 0.0, 0.0, -0.7027029395103455, 0.0 ]
    },
    {
      "m_name": "Garakuta Wall",
      "m_pos": [ 7.900000095367432, -3.458719253540039, -10.699999809265137, 8.564648628234864, -1.458719253540039, -9.307461738586426 ],
      "m_rot": [ 0.0, -0.7071068286895752, 0.0, 0.0, -0.7027029395103455, 0.0 ]
    },
    {
      "m_name": "Garakuta Wall",
      "m_pos": [ -9.739240646362305, -3.458719253540039, -11.59493350982666, -10.403889656066895, -1.458719253540039, -12.987471580505371 ],